lockbox_version,race_id,date,a,b,odds_a,odds_b,model_p_a,mkt_p_a,winner,model_ll,mkt_ll,delta,model_brier,mkt_brier,model_right,mkt_right,pick,pick_odds,pick_ev,edge,pick_won,profit
v2,2026-5625,2026-09-13,Daniel Suarez,Michael McDowell,-134,106,0.6830666666666667,0.5412124539251824,Michael McDowell,1.149063832164208,0.7791680386576398,0.3698957935065681,0.4665800711111111,0.2929109202837176,0,0,Daniel Suarez,-134,0.1928179104477612,0.1418542127414843,0,-1.0
v2,2026-5625,2026-09-13,Joey Logano,William Byron,-280,210,0.7828,0.6955128205128205,Joey Logano,0.2448780434602158,0.3631058342690228,-0.1182277908088069,0.0471758399999999,0.0927124424720578,1,1,Joey Logano,-280,0.0623714285714286,0.0872871794871795,1,0.3571428571428572
v2,2026-5625,2026-09-13,Josh Berry,Bubba Wallace,-108,-118,0.3715333333333333,0.4896023956080519,Bubba Wallace,0.4644722886881967,0.6725652405520154,-0.2080929518638187,0.1380370177777777,0.2397105057851433,1,1,Bubba Wallace,-118,0.1610655367231638,0.1180690622747187,1,0.847457627118644
v2,2026-5625,2026-09-13,Ross Chastain,Brad Keselowski,-122,-104,0.5340666666666667,0.5187593796898449,Ross Chastain,0.6272346038692302,0.6563151262708729,-0.0290805224016426,0.2170938711111111,0.2315925346365029,1,1,Ross Chastain,-122,-0.0281737704918032,0.0153072869768218,1,0.819672131147541
v2,2026-5625,2026-09-13,Ross Chastain,Chris Buescher,-120,-110,0.3467666666666666,0.5101214574898786,Ross Chastain,1.0591031555733972,0.6731064296764991,0.385996725896898,0.4267137877777778,0.2399809864118408,0,1,Chris Buescher,-110,0.2470818181818181,0.1633547908232119,0,-1.0
v2,2026-5625,2026-09-13,Ryan Blaney,Kyle Larson,-142,112,0.7375333333333334,0.5543606364172068,Kyle Larson,1.33763118914061,0.808245255889175,0.5293859332514349,0.5439554177777778,0.3073157152088905,0,0,Ryan Blaney,-142,0.2569230046948357,0.1831726969161266,0,-1.0
v2,2026-5625,2026-09-13,Carson Hocevar,Ryan Preece,-140,110,0.7079666666666666,0.550561797752809,Carson Hocevar,0.3453582673760458,0.5968160716215132,-0.2514578042454674,0.0852834677777778,0.2019946976391869,1,1,Carson Hocevar,-140,0.2136571428571428,0.1574048689138576,1,0.7142857142857144
v2,2026-5625,2026-09-13,Ty Gibbs,Tyler Reddick,-130,100,0.3666,0.5306122448979592,Ty Gibbs,1.0034839435765324,0.6337237600891445,0.3697601834873878,0.4011955599999999,0.2203248646397334,0,1,Tyler Reddick,100,0.2668,0.1640122448979591,0,-1.0
v2,2026-5625,2026-09-13,Austin Cindric,Josh Berry,-115,-115,0.6744666666666667,0.5,Austin Cindric,0.3938330238784567,0.6931471805599453,-0.2993141566814885,0.1059719511111111,0.25,1,0,Austin Cindric,-115,0.2609594202898549,0.1744666666666666,1,0.8695652173913042
v2,2026-5626,2026-09-19,Kyle Larson,Denny Hamlin,-140,120,0.7936,0.562043795620438,Kyle Larson,0.231175723011474,0.576175503974441,-0.3449997809629669,0.04260096,0.1918056369545526,1,1,Kyle Larson,-140,0.3604571428571429,0.2315562043795619,1,0.7142857142857144
v2,2026-5626,2026-09-19,Kyle Larson,Ryan Blaney,-190,165,0.8129666666666666,0.6345305608065531,Kyle Larson,0.2070651706848704,0.4548698278078469,-0.2478046571229765,0.0349814677777777,0.1335679109843725,1,1,Kyle Larson,-190,0.2408438596491226,0.1784361058601135,1,0.5263157894736841
v2,2026-5626,2026-09-19,Kyle Larson,Christopher Bell,-180,155,0.8083,0.6211096075778079,Kyle Larson,0.2128220022423383,0.4762477108876566,-0.2634257086453182,0.0367488899999999,0.1435579294698427,1,1,Kyle Larson,-180,0.2573555555555556,0.1871903924221921,1,0.5555555555555556
v2,2026-5626,2026-09-19,Kyle Larson,Ty Gibbs,-145,125,0.8561,0.5711159737417943,Kyle Larson,0.1553680872336971,0.5601629835715112,-0.404794896337814,0.02070721,0.1839415079794492,1,1,Kyle Larson,-145,0.4465137931034483,0.2849840262582056,1,0.6896551724137931
v2,2026-5626,2026-09-19,Denny Hamlin,Ryan Blaney,-170,150,0.5267,0.6115107913669064,Denny Hamlin,0.6411241524927935,0.4918226766403753,0.1493014758524182,0.22401289,0.1509238652243673,1,1,Ryan Blaney,150,0.1832500000000001,0.0848107913669065,0,-1.0
v2,2026-5626,2026-09-19,Denny Hamlin,Christopher Bell,-155,135,0.5198,0.5882115462252725,Christopher Bell,0.7335525951949843,0.8872455232110428,-0.1536929280160585,0.27019204,0.3459928231127259,0,0,Christopher Bell,135,0.1284699999999999,0.0684115462252724,1,1.35
v2,2026-5626,2026-09-19,Denny Hamlin,Ty Gibbs,-130,110,0.626,0.5427435387673957,Ty Gibbs,0.9834994815676052,0.7825108611765439,0.2009886203910612,0.391876,0.2945705488737555,0,0,Denny Hamlin,-130,0.1075384615384614,0.0832564612326043,0,-1.0
v2,2026-5626,2026-09-19,Ryan Blaney,Christopher Bell,100,-120,0.4900333333333333,0.4782608695652174,Christopher Bell,0.6734099148769135,0.6505875661411494,0.022822348735764,0.2401326677777777,0.2287334593572779,1,1,Ryan Blaney,100,-0.0199333333333333,0.0117724637681159,0,-1.0
v2,2026-5626,2026-09-19,Ryan Blaney,Ty Gibbs,130,-150,0.6085333333333334,0.4201680672268907,Ty Gibbs,0.9378549097899956,0.5450169885142702,0.3928379212757256,0.3703128177777778,0.176541204717181,0,1,Ryan Blaney,130,0.3996266666666667,0.1883652661064426,0,-1.0
v2,2026-5626,2026-09-19,Christopher Bell,Ty Gibbs,120,-140,0.6193333333333333,0.437956204379562,Christopher Bell,0.4791116482764629,0.8256363636060242,-0.3465247153295612,0.1449071111111111,0.3158932281954286,1,0,Christopher Bell,120,0.3625333333333334,0.1813771289537712,1,1.2000000000000002
v2,2026-5626,2026-09-19,William Byron,Chase Briscoe,-110,-110,0.7991333333333334,0.5,William Byron,0.2242274718772472,0.6931471805599453,-0.468919708682698,0.0403474177777777,0.25,1,0,William Byron,-110,0.525618181818182,0.2991333333333333,1,0.9090909090909092
v2,2026-5626,2026-09-19,William Byron,Joey Logano,130,-150,0.6071666666666666,0.4201680672268907,Joey Logano,0.9343698452740608,0.5450169885142702,0.3893528567597907,0.3686513611111111,0.176541204717181,0,1,William Byron,130,0.3964833333333332,0.1869985994397758,0,-1.0
v2,2026-5626,2026-09-19,William Byron,Tyler Reddick,-135,115,0.7701,0.552594002855783,William Byron,0.2612349024369326,0.5931317191471089,-0.3318968167101763,0.05285401,0.2001721262806111,1,1,William Byron,-135,0.3405444444444444,0.217505997144217,1,0.7407407407407407
v2,2026-5626,2026-09-19,William Byron,Chase Elliott,-165,145,0.7463,0.6040343668285393,William Byron,0.2926276148447954,0.5041241839432459,-0.2114965690984505,0.06436369,0.1567887826528758,1,1,William Byron,-165,0.1986030303030301,0.1422656331714606,1,0.606060606060606
v2,2026-5626,2026-09-19,Chase Briscoe,Joey Logano,105,-125,0.3059333333333333,0.4675324675324675,Joey Logano,0.3651872616095943,0.630233355149376,-0.2650460935397816,0.0935952044444444,0.2185866081969978,1,1,Joey Logano,-125,0.2493199999999999,0.161599134199134,1,0.8
v2,2026-5626,2026-09-19,Chase Briscoe,Tyler Reddick,-140,120,0.4521333333333333,0.562043795620438,Tyler Reddick,0.6017233306409919,0.8256363636060244,-0.2239130329650325,0.2044245511111111,0.3158932281954287,1,0,Tyler Reddick,120,0.2053066666666668,0.1099104622871047,1,1.2000000000000002
v2,2026-5626,2026-09-19,Chase Briscoe,Chase Elliott,-180,155,0.4047666666666666,0.6211096075778079,Chase Elliott,0.5188017934471678,0.9705083177789522,-0.4517065243317844,0.1638360544444444,0.3857771446254585,1,0,Chase Elliott,155,0.5178449999999999,0.2163429409111411,1,1.5499999999999998
v2,2026-5626,2026-09-19,Joey Logano,Tyler Reddick,-160,140,0.6631666666666667,0.5962732919254659,Joey Logano,0.4107289377832634,0.5170561735166267,-0.1063272357333632,0.1134566944444444,0.1629952548127001,1,1,Joey Logano,-160,0.0776458333333333,0.0668933747412008,1,0.625
v2,2026-5626,2026-09-19,Joey Logano,Chase Elliott,-190,165,0.6338666666666667,0.6345305608065531,Joey Logano,0.4559166516042625,0.4548698278078469,0.0010468237964155,0.1340536177777777,0.1335679109843725,1,1,Chase Elliott,165,-0.0297466666666668,0.0006638941398864,0,-1.0
v2,2026-5626,2026-09-19,Tyler Reddick,Chase Elliott,-140,120,0.4518666666666667,0.562043795620438,Tyler Reddick,0.7943681279173505,0.576175503974441,0.2181926239429095,0.3004501511111111,0.1918056369545526,0,1,Chase Elliott,120,0.2058933333333334,0.1101771289537714,0,-1.0
v2,2026-5626,2026-09-19,Chris Buescher,Carson Hocevar,180,-210,0.2967,0.3452115812917595,Carson Hocevar,0.3519717356681644,0.4234431204035728,-0.0714713847354083,0.08803089,0.119171035857957,1,1,Carson Hocevar,-210,0.0382047619047619,0.0485115812917595,1,0.4761904761904763
v2,2026-5626,2026-09-19,Chris Buescher,Brad Keselowski,150,-170,0.3603333333333333,0.3884892086330935,Chris Buescher,1.0207257500110385,0.9454898865664172,0.0752358634446211,0.4091734444444443,0.3739454479581802,0,0,Brad Keselowski,-170,0.0159411764705882,0.0281558752997601,0,-1.0
v2,2026-5626,2026-09-19,Chris Buescher,Ross Chastain,-110,-110,0.3332333333333333,0.5,Ross Chastain,0.4053151193570394,0.6931471805599453,-0.2878320612029059,0.1110444544444444,0.25,1,1,Ross Chastain,-110,0.2729181818181819,0.1667666666666667,1,0.9090909090909092
v2,2026-5626,2026-09-19,Chris Buescher,Bubba Wallace,120,-140,0.5212,0.437956204379562,Bubba Wallace,0.736472305298319,0.5761755039744411,0.1602968013238779,0.27164944,0.1918056369545527,0,1,Chris Buescher,120,0.1466400000000001,0.0832437956204379,0,-1.0
v2,2026-5626,2026-09-19,Carson Hocevar,Brad Keselowski,-165,145,0.5907333333333333,0.6040343668285393,Carson Hocevar,0.5263905760370448,0.5041241839432459,0.0222663920937988,0.1674992044444444,0.1567887826528758,1,1,Brad Keselowski,145,0.0027033333333333,0.0133010334952059,0,-1.0
v2,2026-5626,2026-09-19,Carson Hocevar,Ross Chastain,-195,170,0.5466,0.6409007912355448,Carson Hocevar,0.6040380054881694,0.4448806059032925,0.1591573995848769,0.20557156,0.1289522417352578,1,1,Ross Chastain,170,0.2241800000000001,0.0943007912355448,0,-1.0
v2,2026-5626,2026-09-19,Carson Hocevar,Bubba Wallace,-165,145,0.7043333333333334,0.6040343668285393,Carson Hocevar,0.35050355003419,0.5041241839432459,-0.1536206339090559,0.0874187777777777,0.1567887826528758,1,1,Carson Hocevar,-165,0.1312020202020202,0.100298966504794,1,0.606060606060606
v2,2026-5626,2026-09-19,Brad Keselowski,Ross Chastain,-140,120,0.4598,0.562043795620438,Ross Chastain,0.6158158376236218,0.8256363636060244,-0.2098205259824026,0.21141604,0.3158932281954287,1,0,Ross Chastain,120,0.1884400000000001,0.102243795620438,1,1.2000000000000002
v2,2026-5626,2026-09-19,Brad Keselowski,Bubba Wallace,-125,105,0.6447333333333334,0.5324675324675325,Bubba Wallace,1.034886597787565,0.760286483397574,0.274600114389991,0.4156810711111112,0.2835216731320628,0,0,Brad Keselowski,-125,0.1605200000000001,0.1122658008658008,0,-1.0
v2,2026-5626,2026-09-19,Ross Chastain,Bubba Wallace,120,-140,0.6674,0.437956204379562,Bubba Wallace,1.1008147122233096,0.5761755039744411,0.5246392082488686,0.44542276,0.1918056369545527,0,1,Ross Chastain,120,0.4682800000000001,0.2294437956204379,0,-1.0
v2,2026-5628,2026-09-27,Kyle Larson,Denny Hamlin,-115,-115,0.6773,0.5,Kyle Larson,0.389640972761279,0.6931471805599453,-0.3035062077986662,0.1041352899999999,0.25,1,0,Kyle Larson,-115,0.2662565217391304,0.1773,1,0.8695652173913042
v2,2026-5628,2026-09-27,Kyle Larson,Christopher Bell,-140,110,0.6342333333333333,0.550561797752809,Kyle Larson,0.4553383586038917,0.5968160716215132,-0.1414777130176214,0.1337852544444444,0.2019946976391869,1,1,Kyle Larson,-140,0.0872571428571429,0.0836715355805243,1,0.7142857142857144
v2,2026-5628,2026-09-27,Kyle Larson,Tyler Reddick,-160,130,0.7196333333333333,0.5859872611464969,Kyle Larson,0.3290134559478333,0.5344572282992676,-0.2054437723514342,0.0786054677777777,0.1714065479329789,1,1,Kyle Larson,-160,0.1694041666666667,0.1336460721868364,1,0.625
v2,2026-5628,2026-09-27,Kyle Larson,Ryan Blaney,-260,210,0.7553666666666666,0.6912521440823327,Kyle Larson,0.2805519964093677,0.3692506244038094,-0.0886986279944417,0.0598454677777777,0.0953252385337566,1,1,Kyle Larson,-260,0.0458923076923076,0.0641145225843339,1,0.3846153846153846
v2,2026-5628,2026-09-27,Denny Hamlin,Christopher Bell,-140,110,0.4786666666666667,0.550561797752809,Denny Hamlin,0.7367508180420772,0.5968160716215132,0.139934746420564,0.2717884444444444,0.2019946976391869,0,1,Christopher Bell,110,0.0948,0.0718951310861423,0,-1.0
v2,2026-5628,2026-09-27,Denny Hamlin,Tyler Reddick,-160,130,0.5742,0.5859872611464969,Denny Hamlin,0.5547775112951734,0.5344572282992676,0.0203202829959058,0.1813056399999999,0.1714065479329789,1,1,Tyler Reddick,130,-0.0206600000000001,0.0117872611464968,0,-1.0
v2,2026-5628,2026-09-27,Denny Hamlin,Ryan Blaney,-250,200,0.647,0.6818181818181818,Denny Hamlin,0.4354089844812364,0.3829922522561058,0.0524167322251306,0.1246089999999999,0.1012396694214876,1,1,Ryan Blaney,200,0.0589999999999999,0.0348181818181817,0,-1.0
v2,2026-5628,2026-09-27,Christopher Bell,Tyler Reddick,-140,110,0.5741,0.550561797752809,Christopher Bell,0.5549516818085458,0.5968160716215132,-0.0418643898129673,0.1813908099999999,0.2019946976391869,1,1,Christopher Bell,-140,-0.0158285714285712,0.023538202247191,1,0.7142857142857144
v2,2026-5628,2026-09-27,Christopher Bell,Ryan Blaney,-220,180,0.6183333333333333,0.6581196581196581,Ryan Blaney,0.9632076516619066,1.0732944806838198,-0.1100868290219132,0.382336111111111,0.4331214844035356,0,0,Ryan Blaney,180,0.0686666666666667,0.0397863247863248,1,1.7999999999999998
v2,2026-5628,2026-09-27,Tyler Reddick,Ryan Blaney,-200,165,0.5734,0.6385542168674698,Ryan Blaney,0.8519084729448869,1.0176432261344424,-0.1657347531895554,0.32878756,0.4077514878792276,0,0,Ryan Blaney,165,0.1304899999999998,0.0651542168674698,1,1.65
v2,2026-5628,2026-09-27,Ty Gibbs,Chase Briscoe,-130,100,0.5440333333333334,0.5306122448979592,Chase Briscoe,0.7853355715548482,0.756326082181477,0.0290094893733712,0.2959722677777778,0.2815493544356518,0,0,Ty Gibbs,-130,-0.0374794871794871,0.0134210884353741,0,-1.0
v2,2026-5628,2026-09-27,Ty Gibbs,Bubba Wallace,-130,100,0.4067666666666666,0.5306122448979592,Bubba Wallace,0.5221674778943068,0.756326082181477,-0.2341586042871701,0.1654591211111111,0.2815493544356518,1,0,Bubba Wallace,100,0.1864666666666666,0.1238455782312925,1,1.0
v2,2026-5628,2026-09-27,Ty Gibbs,Joey Logano,-150,120,0.2674666666666667,0.5689655172413793,Ty Gibbs,1.3187603310025209,0.5639354490799391,0.7548248819225818,0.5366050844444443,0.1857907253269916,0,1,Joey Logano,120,0.6115733333333333,0.3014988505747126,0,-1.0
v2,2026-5628,2026-09-27,Ty Gibbs,William Byron,-130,100,0.4658666666666666,0.5306122448979592,William Byron,0.6271097832986382,0.756326082181477,-0.1292162988828388,0.2170317511111111,0.2815493544356518,1,0,William Byron,100,0.0682666666666667,0.0647455782312925,1,1.0
v2,2026-5628,2026-09-27,Chase Briscoe,William Byron,-120,-110,0.4194,0.5101214574898786,Chase Briscoe,0.8689301605143175,0.6731064296764991,0.1958237308378183,0.33709636,0.2399809864118408,0,1,William Byron,-110,0.1084181818181818,0.0907214574898785,0,-1.0
v2,2026-5628,2026-09-27,Chase Briscoe,Bubba Wallace,-120,-110,0.3595666666666666,0.5101214574898786,Chase Briscoe,1.0228556762688634,0.6731064296764991,0.3497492465923643,0.4101548544444445,0.2399809864118408,0,1,Bubba Wallace,-110,0.2226454545454546,0.150554790823212,0,-1.0
v2,2026-5628,2026-09-27,Chase Briscoe,Joey Logano,-130,100,0.2366333333333333,0.5306122448979592,Chase Briscoe,1.4412434526049065,0.6337237600891445,0.8075196925157619,0.5827286677777778,0.2203248646397334,0,1,Joey Logano,100,0.5267333333333333,0.2939789115646258,0,-1.0
v2,2026-5628,2026-09-27,William Byron,Bubba Wallace,-115,-115,0.4416,0.5,William Byron,0.8173507840192515,0.6931471805599453,0.1242036034593062,0.31181056,0.25,0,0,Bubba Wallace,-115,0.0439652173913042,0.0584,0,-1.0
v2,2026-5628,2026-09-27,William Byron,Joey Logano,-120,-110,0.2892666666666666,0.5101214574898786,William Byron,1.2404062942859964,0.6731064296764991,0.5672998646094972,0.5051418711111111,0.2399809864118408,0,1,Joey Logano,-110,0.3568545454545455,0.2208547908232119,0,-1.0
v2,2026-5628,2026-09-27,Bubba Wallace,Joey Logano,-120,-110,0.3303,0.5101214574898786,Bubba Wallace,1.1077539465853932,0.6731064296764991,0.434647516908894,0.4484980899999999,0.2399809864118408,0,1,Joey Logano,-110,0.2785181818181818,0.1798214574898785,0,-1.0
v2,2026-5628,2026-09-27,Chase Elliott,Chris Buescher,-185,150,0.5013,0.6187290969899665,Chase Elliott,0.6905505547126793,0.4800877483123617,0.2104628064003176,0.24870169,0.1453675014820863,1,1,Chris Buescher,150,0.2467500000000001,0.1174290969899665,0,-1.0
v2,2026-5628,2026-09-27,Chase Elliott,Carson Hocevar,-110,-120,0.3768666666666667,0.4898785425101215,Chase Elliott,0.9758638234090564,0.713597791031236,0.2622660323778203,0.388295151111111,0.2602239013915979,0,0,Carson Hocevar,-120,0.1424111111111111,0.1130118758434548,0,-1.0
v2,2026-5628,2026-09-27,Chase Elliott,Brad Keselowski,-190,155,0.5676666666666667,0.6255648805681084,Chase Elliott,0.5662208869875585,0.4691002285261024,0.097120658461456,0.1869121111111111,0.1402016586639749,1,1,Brad Keselowski,155,0.1024499999999999,0.0578982139014417,0,-1.0
v2,2026-5628,2026-09-27,Chase Elliott,Ross Chastain,-240,195,0.4823333333333333,0.6755725190839694,Chase Elliott,0.7291198410187629,0.3921947711872677,0.3369250698314951,0.2679787777777778,0.1052531903735213,0,1,Ross Chastain,195,0.5271166666666669,0.1932391857506361,0,-1.0
v2,2026-5628,2026-09-27,Chris Buescher,Carson Hocevar,150,-185,0.3530333333333333,0.3812709030100334,Chris Buescher,1.0411927978006232,0.9642451249961912,0.0769476728044321,0.4185658677777778,0.3828256954620195,0,0,Carson Hocevar,-185,-0.0033216216216215,0.0282375696767001,0,-1.0
v2,2026-5628,2026-09-27,Chris Buescher,Brad Keselowski,-160,130,0.5814666666666667,0.5859872611464969,Brad Keselowski,0.8709987426824483,0.8818585354526711,-0.0108597927702228,0.3381034844444445,0.3433810702259727,0,0,Brad Keselowski,130,-0.0373733333333334,0.0045205944798302,1,1.2999999999999998
v2,2026-5628,2026-09-27,Chris Buescher,Ross Chastain,-170,140,0.4766666666666667,0.6017699115044248,Ross Chastain,0.647536669307893,0.920725328942021,-0.273188659634128,0.2272111111111111,0.3621270263920433,1,0,Ross Chastain,140,0.2559999999999999,0.1251032448377581,1,1.4
v2,2026-5628,2026-09-27,Carson Hocevar,Brad Keselowski,-200,165,0.7196666666666667,0.6385542168674698,Brad Keselowski,1.2717759076772988,1.0176432261344424,0.2541326815428564,0.5179201111111111,0.4077514878792276,0,0,Carson Hocevar,-200,0.0795,0.0811124497991968,0,-1.0
v2,2026-5628,2026-09-27,Carson Hocevar,Ross Chastain,-230,185,0.6177,0.665144596651446,Ross Chastain,0.96154963827977,1.094056472132249,-0.1325068338524789,0.38155329,0.4424173344546148,0,0,Ross Chastain,185,0.0895549999999999,0.0474445966514459,1,1.85
v2,2026-5628,2026-09-27,Brad Keselowski,Ross Chastain,-160,130,0.3953333333333333,0.5859872611464969,Brad Keselowski,0.928025988092576,0.5344572282992676,0.3935687597933085,0.3656217777777778,0.1714065479329789,0,1,Ross Chastain,130,0.3907333333333332,0.1906539278131636,0,-1.0
v2,2026-5630,2026-10-04,Kyle Larson,Denny Hamlin,105,-125,0.4426,0.4675324675324675,Kyle Larson,0.8150888513651878,0.7602864833975739,0.05480236796761395,0.31069476,0.28352167313206283,0,0,Denny Hamlin,-125,0.003320000000000045,0.024932467532467473,0,-1.0
v2,2026-5630,2026-10-04,Kyle Larson,Christopher Bell,-135,115,0.6272,0.552594002855783,Kyle Larson,0.46648980994593897,0.5931317191471089,-0.12664190920116997,0.13897984000000002,0.20017212628061112,1,1,Kyle Larson,-135,0.09179259259259254,0.074605997144217,1,0.7407407407407407
v2,2026-5630,2026-10-04,Kyle Larson,Chase Briscoe,-170,150,0.6489,0.6115107913669064,Chase Briscoe,1.0466841958077506,0.9454898865664173,0.10119430924133332,0.42107121000000003,0.3739454479581802,0,0,Kyle Larson,-170,0.030605882352941316,0.037389208633093585,0,-1.0
v2,2026-5630,2026-10-04,Kyle Larson,Tyler Reddick,-110,-110,0.6479,0.5,Kyle Larson,0.43401891552622546,0.6931471805599453,-0.25912826503371983,0.12397440999999998,0.25,1,0,Kyle Larson,-110,0.2369000000000001,0.14790000000000003,1,0.9090909090909092
v2,2026-5630,2026-10-04,Denny Hamlin,Christopher Bell,-145,125,0.6800666666666667,0.5711159737417943,Denny Hamlin,0.38556444640182813,0.5601629835715112,-0.17459853716968304,0.10235733777777775,0.18394150797944925,1,1,Denny Hamlin,-145,0.14907816091954035,0.10895069292487236,1,0.6896551724137931
v2,2026-5630,2026-10-04,Denny Hamlin,Chase Briscoe,-210,180,0.7071,0.6547884187082406,Chase Briscoe,1.2279240251484491,1.0635977708230078,0.16432625432544135,0.49999040999999994,0.42874787327443814,0,0,Denny Hamlin,-210,0.043814285714285695,0.05231158129175939,0,-1.0
v2,2026-5630,2026-10-04,Denny Hamlin,Tyler Reddick,-155,135,0.7102666666666667,0.5882115462252725,Tyler Reddick,1.2387943192679722,0.8872455232110428,0.35154879605692946,0.5044787377777779,0.3459928231127259,0,0,Denny Hamlin,-155,0.1685032258064516,0.12205512044139422,0,-1.0
v2,2026-5630,2026-10-04,Christopher Bell,Chase Briscoe,-160,140,0.5248333333333334,0.5962732919254659,Chase Briscoe,0.7440896592975201,0.9070170950888259,-0.16292743579130575,0.27545002777777783,0.3555418386636318,0,0,Chase Briscoe,140,0.14039999999999986,0.07143995859213248,1,1.4
v2,2026-5630,2026-10-04,Christopher Bell,Tyler Reddick,-110,-110,0.5072333333333333,0.5,Tyler Reddick,0.7077195097432025,0.6931471805599453,0.014572329183257238,0.2572856544444444,0.25,0,1,Christopher Bell,-110,-0.03164545454545453,0.007233333333333314,0,-1.0
v2,2026-5630,2026-10-04,Chase Briscoe,Tyler Reddick,115,-135,0.47686666666666666,0.447405997144217,Chase Briscoe,0.7405183519759633,0.8042888255809508,-0.06377047360498755,0.27366848444444447,0.3053601319921771,0,0,Chase Briscoe,115,0.025263333333333304,0.029460669522449634,1,1.15
v2,2026-5630,2026-10-04,William Byron,Ryan Blaney,-150,130,0.4804333333333333,0.5798319327731092,Ryan Blaney,0.6547601481552413,0.8671004876833832,-0.2123403395281419,0.23081618777777776,0.3362050702633994,1,0,Ryan Blaney,130,0.19500333333333336,0.09939859943977591,1,1.2999999999999998
v2,2026-5630,2026-10-04,William Byron,Ty Gibbs,-120,100,0.4748,0.5217391304347826,William Byron,0.7448616162466241,0.6505875661411494,0.09427405010547463,0.27583504,0.2287334593572779,0,1,Ty Gibbs,100,0.0504,0.046939130434782594,0,-1.0
v2,2026-5630,2026-10-04,William Byron,Joey Logano,-220,190,0.5477333333333333,0.6659707724425887,William Byron,0.601966728475953,0.40650949462607067,0.19545723384988234,0.2045451377777778,0.11157552486260083,1,1,Joey Logano,190,0.31157333333333337,0.11823743910925544,0,-1.0
v2,2026-5630,2026-10-04,William Byron,Carson Hocevar,-155,135,0.5215333333333333,0.5882115462252725,William Byron,0.6509820883992665,0.5306686232941548,0.12031346510511176,0.22893035111111115,0.1695697306621809,1,1,Carson Hocevar,135,0.12439666666666682,0.0666782128919392,0,-1.0
v2,2026-5630,2026-10-04,Ryan Blaney,Ty Gibbs,150,-170,0.4928666666666667,0.38848920863309355,Ryan Blaney,0.707516594527247,0.9454898865664173,-0.23797329203917028,0.2571842177777778,0.3739454479581802,0,0,Ryan Blaney,150,0.23216666666666674,0.10437745803357312,1,1.5
v2,2026-5630,2026-10-04,Ryan Blaney,Joey Logano,-165,145,0.5743666666666667,0.6040343668285393,Ryan Blaney,0.5544872945011928,0.5041241839432459,0.050363110557946955,0.18116373444444442,0.1567887826528758,1,1,Joey Logano,145,0.04280166666666663,0.02966770016187259,0,-1.0
v2,2026-5630,2026-10-04,Ryan Blaney,Carson Hocevar,-110,-110,0.5493333333333333,0.5,Ryan Blaney,0.5990498571808297,0.6931471805599453,-0.09409732337911558,0.20310044444444444,0.25,1,0,Ryan Blaney,-110,0.048727272727272786,0.04933333333333334,1,0.9090909090909092
v2,2026-5630,2026-10-04,Ty Gibbs,Joey Logano,-240,205,0.5637,0.6828358208955224,Joey Logano,0.829425198852573,1.1483357240205403,-0.31891052516796725,0.31775769,0.46626475829806197,0,0,Joey Logano,205,0.330715,0.11913582089552244,1,2.05
v2,2026-5630,2026-10-04,Ty Gibbs,Carson Hocevar,-195,170,0.5390333333333334,0.6409007912355448,Carson Hocevar,0.7744295451796341,1.024156581137503,-0.24972703595786894,0.29055693444444447,0.4107538242063474,0,0,Carson Hocevar,170,0.24461,0.10186745790221141,1,1.7000000000000002
v2,2026-5630,2026-10-04,Joey Logano,Carson Hocevar,135,-155,0.4650666666666667,0.4117884537747275,Joey Logano,0.7655745144955315,0.8872455232110428,-0.12167100871551129,0.286153671111111,0.3459928231127259,0,0,Joey Logano,135,0.0929066666666668,0.05327821289193918,1,1.35
v2,2026-5630,2026-10-04,Chase Elliott,Bubba Wallace,-120,100,0.3555,0.5217391304347826,Chase Elliott,1.0342300297388416,0.6505875661411494,0.38364246359769216,0.4153802500000001,0.2287334593572779,0,1,Bubba Wallace,100,0.2890000000000001,0.16623913043478267,0,-1.0
v2,2026-5630,2026-10-04,Chase Elliott,Austin Cindric,-115,-105,0.31396666666666667,0.5108342361863488,Austin Cindric,0.3768290615718324,0.715053861645812,-0.3382248000739796,0.09857506777777778,0.2609516168600904,1,0,Austin Cindric,-105,0.3393984126984126,0.1968675695196821,1,0.9523809523809523
v2,2026-5630,2026-10-04,Chase Elliott,Ross Chastain,-160,140,0.5128333333333334,0.5962732919254659,Chase Elliott,0.6678043728881502,0.5170561735166267,0.1507481993715235,0.23733136111111108,0.1629952548127001,1,1,Ross Chastain,140,0.1691999999999999,0.08343995859213249,0,-1.0
v2,2026-5630,2026-10-04,Chase Elliott,Chris Buescher,-155,135,0.5392,0.5882115462252725,Chase Elliott,0.6176687193840398,0.5306686232941548,0.08700009608988502,0.21233664,0.1695697306621809,1,1,Chris Buescher,135,0.08288000000000006,0.049011546225272484,0,-1.0
v2,2026-5630,2026-10-04,Bubba Wallace,Austin Cindric,-120,100,0.4428,0.5217391304347826,Austin Cindric,0.5848310370764865,0.7375989431307791,-0.15276790605429258,0.19607184000000002,0.2722117202268431,1,0,Austin Cindric,100,0.11439999999999989,0.07893913043478251,1,1.0
v2,2026-5630,2026-10-04,Bubba Wallace,Ross Chastain,-150,130,0.6902666666666667,0.5798319327731092,Bubba Wallace,0.37067728262250044,0.5450169885142702,-0.17433970589176973,0.09593473777777776,0.17654120471718104,1,1,Bubba Wallace,-150,0.15044444444444438,0.11043473389355751,1,0.6666666666666665
v2,2026-5630,2026-10-04,Bubba Wallace,Chris Buescher,-150,130,0.7253333333333334,0.5798319327731092,Bubba Wallace,0.32112395967441343,0.5450169885142702,-0.22389302883985673,0.07544177777777775,0.17654120471718104,1,1,Bubba Wallace,-150,0.20888888888888885,0.1455014005602242,1,0.6666666666666665
v2,2026-5630,2026-10-04,Austin Cindric,Chris Buescher,-140,120,0.7561666666666667,0.562043795620438,Austin Cindric,0.2794934685462282,0.576175503974441,-0.29668203542821275,0.05945469444444445,0.19180563695455263,1,1,Austin Cindric,-140,0.2962857142857144,0.1941228710462286,1,0.7142857142857144
v2,2026-5630,2026-10-04,Ross Chastain,Chris Buescher,-120,100,0.5366,0.5217391304347826,Chris Buescher,0.7691646669838611,0.7375989431307791,0.031565723853081984,0.28793956,0.2722117202268431,0,0,Ross Chastain,-120,-0.016233333333333322,0.014860869565217372,0,-1.0
